"Iteration","Mult_ESI1","Mult_ESI5","Weight_ESI1","Weight_ESI5","Accuracy","Macro_Prec","Macro_Rec","Macro_F1","Prec_ESI1","Rec_ESI1","Prec_ESI5","Rec_ESI5","Prec_Neither","Rec_Neither"
1,0.2,0.2,21.17,3.99,0.9376,0.4985,0.3386,0.4033,0.0566,0.019,0,0,0.9404,0.9968
2,0.5,0.2,52.93,3.99,0.8357,0.4817,0.3956,0.4344,0.0254,0.3013,0,0,0.938,0.8856
3,1,0.2,105.86,3.99,0.5855,0.4745,0.431,0.4517,0.0169,0.6772,0,0,0.9321,0.6158
4,1.5,0.2,158.79,3.99,0.4141,0.4728,0.4196,0.4446,0.0138,0.8266,0,0,0.9317,0.4321
5,2,0.2,211.72,3.99,0.2878,0.4755,0.404,0.4369,0.0123,0.9152,0,0,0.9388,0.2969
6,2.5,0.2,264.65,3.99,0.2192,0.4755,0.3881,0.4273,0.0114,0.9405,0,0,0.9395,0.2237
7,3,0.2,317.58,3.99,0.1615,0.4771,0.3751,0.42,0.0108,0.9633,0,0,0.9434,0.1621
8,4,0.2,423.43,3.99,0.0838,0.4874,0.3568,0.412,0.0101,0.9911,0,0,0.9647,0.0791
9,0.2,0.5,21.17,9.97,0.8374,0.3682,0.3834,0.3756,0.0566,0.019,0.101,0.2544,0.9471,0.8767
10,0.5,0.5,52.93,9.97,0.7354,0.3572,0.4404,0.3945,0.0254,0.3013,0.101,0.2544,0.9453,0.7655
11,1,0.5,105.86,9.97,0.4853,0.3532,0.4758,0.4054,0.0169,0.6772,0.101,0.2544,0.9418,0.4957
12,1.5,0.5,158.79,9.97,0.3139,0.3539,0.4643,0.4017,0.0138,0.8266,0.101,0.2544,0.947,0.3119
13,2,0.5,211.72,9.97,0.2246,0.3525,0.4276,0.3864,0.0123,0.9152,0.0937,0.1458,0.9515,0.2219
14,2.5,0.5,264.65,9.97,0.158,0.354,0.4105,0.3802,0.0114,0.9405,0.0929,0.1398,0.9577,0.1511
15,3,0.5,317.58,9.97,0.1077,0.3595,0.396,0.3769,0.0108,0.9633,0.0951,0.1265,0.9726,0.0981
16,4,0.5,423.43,9.97,0.0795,0.3623,0.3589,0.3606,0.0101,0.9911,0.1067,0.0114,0.97,0.074
17,0.2,1,21.17,19.93,0.5554,0.3639,0.4206,0.3902,0.0566,0.019,0.0761,0.6891,0.9589,0.5536
18,0.5,1,52.93,19.93,0.4535,0.3534,0.4776,0.4062,0.0254,0.3013,0.0761,0.6891,0.9587,0.4424
19,1,1,105.86,19.93,0.2541,0.3529,0.5122,0.4179,0.0169,0.6772,0.0796,0.6296,0.9622,0.2298
20,1.5,1,158.79,19.93,0.1551,0.3576,0.4884,0.4129,0.0138,0.8266,0.082,0.5093,0.9769,0.1294
21,2,1,211.72,19.93,0.1329,0.3564,0.4432,0.3951,0.0123,0.9152,0.0807,0.2982,0.9762,0.1163
22,2.5,1,264.65,19.93,0.1155,0.3569,0.4183,0.3852,0.0114,0.9405,0.0849,0.2122,0.9744,0.1021
23,3,1,317.58,19.93,0.1009,0.3587,0.396,0.3764,0.0108,0.9633,0.0906,0.1343,0.9747,0.0904
24,4,1,423.43,19.93,0.0727,0.3524,0.3589,0.3556,0.0101,0.9911,0.0743,0.0193,0.9726,0.0663
25,0.2,1.5,21.17,29.9,0.3766,0.3637,0.4153,0.3878,0.0566,0.019,0.0671,0.8733,0.9674,0.3537
26,0.5,1.5,52.93,29.9,0.2747,0.3545,0.4723,0.405,0.0254,0.3013,0.0671,0.8733,0.971,0.2425
27,1,1.5,105.86,29.9,0.1586,0.3569,0.513,0.4209,0.0169,0.6772,0.0736,0.7392,0.9802,0.1225
28,1.5,1.5,158.79,29.9,0.1399,0.3576,0.4869,0.4123,0.0138,0.8266,0.0797,0.5214,0.9792,0.1126
29,2,1.5,211.72,29.9,0.1177,0.3561,0.4417,0.3943,0.0123,0.9152,0.0771,0.3104,0.9787,0.0994
30,2.5,1.5,264.65,29.9,0.1003,0.3559,0.4167,0.3839,0.0114,0.9405,0.0794,0.2244,0.977,0.0853
31,3,1.5,317.58,29.9,0.0858,0.3565,0.3945,0.3745,0.0108,0.9633,0.0811,0.1465,0.9774,0.0738
32,4,1.5,423.43,29.9,0.0595,0.3468,0.3576,0.3521,0.0101,0.9911,0.0548,0.0298,0.9753,0.0518
33,0.2,2,21.17,39.87,0.2679,0.3638,0.399,0.3806,0.0566,0.019,0.0614,0.9435,0.9733,0.2344
34,0.5,2,52.93,39.87,0.1904,0.3556,0.4599,0.4011,0.0254,0.3013,0.0626,0.9285,0.9789,0.15
35,1,2,105.86,39.87,0.1304,0.3573,0.5082,0.4196,0.0169,0.6772,0.071,0.7558,0.9839,0.0915
36,1.5,2,158.79,39.87,0.1116,0.3574,0.4821,0.4105,0.0138,0.8266,0.0754,0.5381,0.983,0.0817
37,2,2,211.72,39.87,0.0894,0.3554,0.4369,0.3919,0.0123,0.9152,0.0707,0.3271,0.983,0.0685
38,2.5,2,264.65,39.87,0.0724,0.3545,0.4121,0.3811,0.0114,0.9405,0.0705,0.2411,0.9815,0.0547
39,3,2,317.58,39.87,0.0587,0.3538,0.3899,0.371,0.0108,0.9633,0.0682,0.1622,0.9825,0.0441
40,4,2,423.43,39.87,0.0362,0.3451,0.3539,0.3494,0.0101,0.9911,0.0427,0.0443,0.9824,0.0262
41,0.2,2.5,21.17,49.84,0.2044,0.3634,0.3836,0.3733,0.0566,0.019,0.0579,0.9662,0.9758,0.1657
42,0.5,2.5,52.93,49.84,0.1462,0.3557,0.4489,0.3969,0.0254,0.3013,0.0599,0.9433,0.9819,0.1021
43,1,2.5,105.86,49.84,0.1116,0.3567,0.5035,0.4176,0.0169,0.6772,0.0691,0.762,0.9842,0.0713
44,1.5,2.5,158.79,49.84,0.0929,0.3564,0.4774,0.4082,0.0138,0.8266,0.0723,0.5443,0.9831,0.0614
45,2,2.5,211.72,49.84,0.0712,0.3541,0.4324,0.3894,0.0123,0.9152,0.0667,0.3333,0.9834,0.0488
46,2.5,2.5,264.65,49.84,0.0548,0.3526,0.4077,0.3782,0.0114,0.9405,0.0653,0.247,0.9811,0.0356
47,3,2.5,317.58,49.84,0.042,0.3515,0.3857,0.3678,0.0108,0.9633,0.0615,0.1677,0.9822,0.026
48,4,2.5,423.43,49.84,0.026,0.3435,0.3514,0.3474,0.0101,0.9911,0.0384,0.0479,0.9819,0.0152
49,0.2,3,21.17,59.8,0.1575,0.3637,0.3711,0.3674,0.0566,0.019,0.0554,0.9793,0.9791,0.1151
50,0.5,3,52.93,59.8,0.1125,0.3559,0.4397,0.3934,0.0254,0.3013,0.0579,0.9519,0.9846,0.0659
51,1,3,105.86,59.8,0.1,0.3567,0.5008,0.4167,0.0169,0.6772,0.068,0.7666,0.9853,0.0587
52,1.5,3,158.79,59.8,0.0812,0.3562,0.4747,0.407,0.0138,0.8266,0.0707,0.5488,0.9841,0.0488
53,2,3,211.72,59.8,0.06,0.3539,0.4298,0.3882,0.0123,0.9152,0.0645,0.3378,0.9849,0.0366
54,2.5,3,264.65,59.8,0.0435,0.3522,0.4052,0.3768,0.0114,0.9405,0.0626,0.2515,0.9824,0.0234
55,3,3,317.58,59.8,0.0354,0.3513,0.3842,0.367,0.0108,0.9633,0.0595,0.1703,0.9835,0.0189
56,4,3,423.43,59.8,0.0201,0.3437,0.3501,0.3469,0.0101,0.9911,0.0367,0.0503,0.9844,0.0088
57,0.2,4,21.17,79.74,0.1015,0.3643,0.3555,0.3598,0.0566,0.019,0.0527,0.9926,0.9836,0.0548
58,0.5,4,52.93,79.74,0.0922,0.356,0.4347,0.3914,0.0254,0.3013,0.0569,0.959,0.9857,0.0439
59,1,4,105.86,79.74,0.0797,0.3567,0.4959,0.4149,0.0169,0.6772,0.0662,0.7737,0.987,0.0367
60,1.5,4,158.79,79.74,0.061,0.3556,0.4698,0.4048,0.0138,0.8266,0.0679,0.5557,0.9851,0.027
61,2,4,211.72,79.74,0.0416,0.3531,0.4251,0.3858,0.0123,0.9152,0.0612,0.3435,0.9858,0.0167
62,2.5,4,264.65,79.74,0.0328,0.3509,0.4025,0.3749,0.0114,0.9405,0.0602,0.2551,0.9811,0.0119
63,3,4,317.58,79.74,0.0252,0.3505,0.3817,0.3654,0.0108,0.9633,0.0566,0.1739,0.984,0.0078
64,4,4,423.43,79.74,0.0147,0.3471,0.3489,0.348,0.0101,0.9911,0.0355,0.0526,0.9956,0.0028
